srch,y,x,address
서울특별시 강남구 개포동,37.4959821316162,127.080017922008,서울 강남구 개포동 18-1
서울특별시 강남구 논현동,37.5124049314709,127.024779773951,서울 강남구 논현동 55-16
서울특별시 강남구 대치동,37.5003609925597,127.07455355542,서울 강남구 대치동 3-3
서울특별시 강남구 도곡동,37.4818037639471,127.046595188917,서울 강남구 도곡동
서울특별시 강남구 삼성동,37.5091105328378,127.04892851392,서울 강남구 삼성동 131
서울특별시 강남구 세곡동,37.4657686250927,127.100088388245,서울 강남구 세곡동
서울특별시 강남구 수서동,37.4837166283926,127.100216345308,서울 강남구 수서동
서울특별시 강남구 신사동,37.5211558694563,127.022836977184,서울 강남구 신사동 530
서울특별시 강남구 압구정동,37.5267558230172,127.039152029523,서울 강남구 신사동 668-33
서울특별시 강남구 역삼동,37.49930420889,127.048397383795,서울 강남구 역삼동 755
서울특별시 강남구 율현동,37.4701860837419,127.10549328999,서울 강남구 율현동
서울특별시 강남구 일원동,37.4748233990715,127.079213041156,서울 강남구 일원동
서울특별시 강남구 자곡동,37.4744802653687,127.103491537638,서울 강남구 자곡동
서울특별시 강남구 청담동,37.5261262382238,127.046048046817,서울 강남구 청담동 99-21
서울특별시 강동구 강일동,37.5700571414647,127.17500011261,서울 강동구 강일동
서울특별시 강동구 고덕동,37.56974329196847,127.15661200469705,서울 강동구 고덕동 365-15
서울특별시 강동구 길동,37.5364302378391,127.150047815375,서울 강동구 길동 210-2
서울특별시 강동구 둔촌동,37.5294418097539,127.150260083291,서울 강동구 둔촌동 산 11-7
서울특별시 강동구 명일동,37.5518813887641,127.149395252152,서울 강동구 명일동 15
서울특별시 강동구 상일동,37.5456017097501,127.174182504688,서울 강동구 상일동
서울특별시 강동구 성내동,37.522617886373,127.133544819616,서울 강동구 성내동 449-13
서울특별시 강동구 암사동,37.5605464139303,127.130257802123,서울 강동구 암사동 139-2
서울특별시 강동구 천호동,37.5394298515321,127.12766841624,서울 강동구 천호동
서울특별시 강북구 미아동,37.6208655377593,127.008119369295,서울 강북구 미아동
서울특별시 강북구 번동,37.6201854793479,127.038861157809,서울 강북구 번동
서울특별시 강북구 수유동,37.6422768273001,127.002225309294,서울 강북구 수유동
서울특별시 강북구 우이동,37.6643251031188,127.011828001622,서울 강북구 우이동
서울특별시 강서구 가양동,37.5730911256815,126.839835562738,서울 강서구 가양동 234
서울특별시 강서구 개화동,37.5819876044371,126.805132454482,서울 강서구 개화동
서울특별시 강서구 공항동,37.5607765726448,126.799845556347,서울 강서구 과해동 676
서울특별시 강서구 내발산동,37.5514225537418,126.841448176571,서울 강서구 내발산동 산 19-1
서울특별시 강서구 등촌동,37.5438746337198,126.854544968588,서울 강서구 등촌동
서울특별시 강서구 마곡동,37.572245307382296,126.8328416973224,서울 강서구 마곡동 812
서울특별시 강서구 방화동,37.5657085712852,126.800882752212,서울 강서구 방화동 886
서울특별시 강서구 염창동,37.5540741450023,126.876919464772,서울 강서구 염창동
서울특별시 강서구 화곡동,37.5366604491309,126.844045561882,서울 강서구 화곡동
서울특별시 관악구 남현동,37.475358219763,126.971221360809,서울 관악구 남현동 1129-1
서울특별시 관악구 봉천동,37.4785646095049,126.955677012972,서울 관악구 봉천동
서울특별시 관악구 신림동,37.4690023808044,126.938066054462,서울 관악구 대학동
서울특별시 광진구 광장동,37.5549266466639,127.110148582774,서울 광진구 광장동 32
서울특별시 광진구 구의동,37.55619289827412,127.10276468288959,서울 광진구 구의동 3-8
서울특별시 광진구 군자동,37.5512673746189,127.074916573775,서울 광진구 군자동 98
서울특별시 광진구 능동,37.55147494441319,127.0837947580967,서울 광진구 능동 259-1
서울특별시 광진구 자양동,37.5402471171909,127.067686553447,서울 광진구 자양동 8-5
서울특별시 광진구 중곡동,37.5623270041388,127.096206188343,서울 광진구 중곡동 143-146
서울특별시 광진구 화양동,37.5406780333481,127.070361832869,서울 광진구 화양동 6-4
서울특별시 구로구 가리봉동,37.4821065687163,126.888755418163,서울 구로구 가리봉동 123-37
서울특별시 구로구 개봉동,37.4869796136351,126.858766572928,서울 구로구 개봉동
서울특별시 구로구 고척동,37.4994096819197,126.86792596328,서울 구로구 고척동 63-6
서울특별시 구로구 구로동,37.483663665576,126.901086233647,서울 구로구 구로동 1125-11
서울특별시 구로구 궁동,37.498404793711,126.834132779592,서울 구로구 궁동 산 10-29
서울특별시 구로구 신도림동,37.5092339002167,126.874219829815,서울 구로구 신도림동
서울특별시 구로구 오류동,37.4886357566504,126.835185601989,서울 구로구 오류동 223-5
서울특별시 구로구 온수동,37.4929186312424,126.823601444138,서울 구로구 온수동 11-1
서울특별시 구로구 천왕동,37.4813577159603,126.841998840675,서울 구로구 천왕동 산 21-1
서울특별시 금천구 가산동,37.4781198925424,126.888105599941,서울 금천구 가산동
서울특별시 금천구 독산동,37.4633305255365,126.897848594386,서울 금천구 독산동 1055
서울특별시 금천구 시흥동,37.4455447405375,126.911510533536,서울 금천구 시흥동 산 73
서울특별시 노원구 공릉동,37.620691807133,127.078706040469,서울 노원구 공릉동
서울특별시 노원구 상계동,37.6556014462199,127.06363436199,서울 노원구 상계동 443
서울특별시 노원구 월계동,37.6232369609875,127.051105620683,서울 노원구 월계동
서울특별시 노원구 중계동,37.6502490508494,127.076692983486,서울 노원구 중계동 391
서울특별시 노원구 하계동,37.639404821399,127.082034153519,서울 노원구 하계동 산 16-26
서울특별시 도봉구 도봉동,37.6764629170157,127.032166159333,서울 도봉구 도봉동
서울특별시 도봉구 방학동,37.6623121480637,127.024566580913,서울 도봉구 방학동
서울특별시 도봉구 쌍문동,37.6616951014292,127.040455868332,서울 도봉구 쌍문동 718-1
서울특별시 도봉구 창동,37.6526673397818,127.049684343333,서울 도봉구 창동
서울특별시 동대문구 답십리동,37.5728151679395,127.063355568664,서울 동대문구 답십리동 2-295
서울특별시 동대문구 신설동,37.5717304949622,127.024097588737,서울 동대문구 신설동
서울특별시 동대문구 용두동,37.5771276277662,127.031063770884,서울 동대문구 용두동 119-6
서울특별시 동대문구 이문동,37.5982240465998,127.061696653455,서울 동대문구 이문동 292-10
서울특별시 동대문구 장안동,37.5726339014378,127.077251765966,서울 동대문구 장안동
서울특별시 동대문구 전농동,37.5806543750578,127.046697479517,서울 동대문구 전농동 588-1
서울특별시 동대문구 제기동,37.5804217059895,127.04249040816,서울 동대문구 제기동 850
서울특별시 동대문구 청량리동,37.5939663563092,127.044853326636,서울 동대문구 청량리동 207
서울특별시 동대문구 회기동,37.5954642003182,127.052622072972,서울 동대문구 회기동 1-5
서울특별시 동대문구 휘경동,37.5891520316827,127.056141170779,서울 동대문구 휘경동 334-9
서울특별시 동작구 노량진동,37.5136058564068,126.94539042276,서울 동작구 노량진동 148-87
서울특별시 동작구 대방동,37.5051967490807,126.929961009627,서울 동작구 대방동
서울특별시 동작구 동작동,37.501275296854,126.973292301036,서울 동작구 동작동 224-11
서울특별시 동작구 본동,37.5129362700803,126.955828620809,서울 동작구 본동 10-30
서울특별시 동작구 사당동,37.493013307608,126.967103032688,서울 동작구 사당동 180-1
서울특별시 동작구 상도1동,37.4970986069604,126.961578157573,서울 동작구 상도동 49-118
서울특별시 동작구 상도동,37.4966222692933,126.942358557072,서울 동작구 상도동 산 65-42
서울특별시 동작구 신대방동,37.4910758945875,126.913238928373,서울 동작구 신대방동
서울특별시 동작구 흑석동,37.5105419834425,126.962747565182,서울 동작구 흑석동 141-2
서울특별시 마포구 공덕동,37.5515590263545,126.962301650028,서울 마포구 아현동 393-35
서울특별시 마포구 구수동,37.5458082301122,126.932566420746,서울 마포구 구수동 60
서울특별시 마포구 노고산동,37.5530715962636,126.941821689127,서울 마포구 노고산동
서울특별시 마포구 대흥동,37.5530715962636,126.941821689127,서울 마포구 노고산동
서울특별시 마포구 도화동,37.5418023314668,126.950678989353,서울 마포구 도화동 169-3
서울특별시 마포구 동교동,37.5561535189751,126.92952855247,서울 마포구 동교동 190-1
서울특별시 마포구 마포동,37.53850038304572,126.94504640738897,서울 마포구 마포동 140
서울특별시 마포구 망원동,37.5536575185624,126.905914457472,서울 마포구 망원동
서울특별시 마포구 상수동,37.5507442326996,126.924201253317,서울 마포구 상수동 88-23
서울특별시 마포구 상암동,37.580418919781,126.891267503138,서울 마포구 상암동 1604
서울특별시 마포구 서교동,37.5553965854703,126.923580878826,서울 마포구 서교동 348-78
서울특별시 마포구 성산동,37.562339423825094,126.91405390230238,서울 마포구 성산동 산 11-58
서울특별시 마포구 신공덕동,37.5424342746309,126.95375182689,서울 마포구 신공덕동 173
서울특별시 마포구 신수동,37.5433304826647,126.929481783591,서울 마포구 신정동 145-3
서울특별시 마포구 아현동,37.5515590263545,126.962301650028,서울 마포구 아현동 393-35
서울특별시 마포구 연남동,37.5608705509283,126.92282376287972,서울 마포구 연남동 567-42
서울특별시 마포구 염리동,37.5553553761251,126.947034935066,서울 마포구 염리동 9-245
서울특별시 마포구 용강동,37.5415853568029,126.941201488128,서울 마포구 용강동 45-15
서울특별시 마포구 중동,37.574052778360475,126.90187241651523,서울 마포구 중동 390
서울특별시 마포구 창전동,37.55405959380823,126.92951694368689,서울 마포구 창전동 6
서울특별시 마포구 합정동,37.5498433728965,126.904516007896,서울 마포구 합정동 457-1
서울특별시 마포구 현석동,37.54359818649498,126.93599702078221,서울 마포구 현석동 225
서울특별시 서대문구 남가좌동,37.5806207658726,126.923441893361,서울 서대문구 남가좌동 50-3
서울특별시 서대문구 냉천동,37.5685811329096,126.963814389635,서울 서대문구 천연동 13-1
서울특별시 서대문구 대신동,37.5611691387743,126.94057491855,서울 서대문구 대신동 5
서울특별시 서대문구 대현동,37.5578523000415,126.945625246085,서울 서대문구 대현동
서울특별시 서대문구 미근동,37.5651870590594,126.966804196914,서울 서대문구 미근동 333
서울특별시 서대문구 북가좌동,37.5800209041095,126.906234509821,서울 서대문구 북가좌동
서울특별시 서대문구 북아현동,37.5576947008806,126.956698573538,서울 서대문구 북아현동 135-4
서울특별시 서대문구 연희동,37.580786747178536,126.93755129533662,서울 서대문구 연희동 170-181
서울특별시 서대문구 영천동,37.57071933280424,126.9614045345837,서울 서대문구 영천동 305
서울특별시 서대문구 창천동,37.5573914161758,126.939115681116,서울 서대문구 창천동
서울특별시 서대문구 천연동,37.5724504220421,126.959542648447,서울 서대문구 현저동 941
서울특별시 서대문구 충정로2가,37.5663940250261,126.965517823908,서울 서대문구 충정로2가 2-2
서울특별시 서대문구 충정로3가,37.5603355217914,126.96482795002,서울 서대문구 충정로3가 465
서울특별시 서대문구 합동,37.5619110213921,126.966751322603,서울 서대문구 합동 27-1
서울특별시 서대문구 현저동,37.5724504220421,126.959542648447,서울 서대문구 현저동 941
서울특별시 서대문구 홍은동,37.6017478979027,126.943872014061,서울 서대문구 홍은동 11
서울특별시 서대문구 홍제동,37.5849844364325,126.957787779326,서울 서대문구 홍제동
서울특별시 서초구 내곡동,37.4653644311783,127.082087774919,서울 서초구 내곡동 1-3079
서울특별시 서초구 반포동,37.5120686715704,126.99561141627,서울 서초구 반포동 650
서울특별시 서초구 방배동,37.4944226421959,126.986109104063,서울 서초구 방배동 767-27
서울특별시 서초구 서초동,37.48945965857706,127.00596803142528,서울 서초구 서초동 1504
서울특별시 서초구 신원동,37.4413088880571,127.061861393213,서울 서초구 신원동
서울특별시 서초구 양재동,37.4766739327213,127.040292609639,서울 서초구 양재동 96-9
서울특별시 서초구 염곡동,37.4687074015581,127.060871103174,서울 서초구 염곡동
서울특별시 서초구 우면동,37.4728130445431,127.012136902743,서울 서초구 우면동
서울특별시 서초구 잠원동,37.5150730777176,127.018346825073,서울 서초구 잠원동 22-23
서울특별시 성동구 금호동1가,37.5566483443876,127.021358418946,서울 성동구 금호동1가 1-72
서울특별시 성동구 금호동2가,37.5555930380597,127.017311030617,서울 성동구 금호동2가
서울특별시 성동구 금호동3가,37.54878521175954,127.01650373349727,서울 성동구 금호동3가 1331
서울특별시 성동구 금호동4가,37.5417559254733,127.024997685553,서울 성동구 금호동4가
서울특별시 성동구 도선동,37.5700464139171,127.028670142007,서울 성동구 하왕십리동
서울특별시 성동구 마장동,37.5709939425262,127.041810398282,서울 성동구 마장동 803
서울특별시 성동구 사근동,37.5594976690083,127.040558999308,서울 성동구 행당동 19-54
서울특별시 성동구 상왕십리동,37.5708758778547,127.026315968659,서울 성동구 상왕십리동
서울특별시 성동구 성수동1가,37.5456755268454,127.0429142606,서울 성동구 성수동1가 685-696
서울특별시 성동구 성수동2가,37.54443871234734,127.05718713825243,서울 성동구 성수동2가 289-30
서울특별시 성동구 송정동,37.5501384884122,127.064092313642,서울 성동구 송정동
서울특별시 성동구 옥수동,37.5444361154083,127.007314449811,서울 성동구 옥수동 5-99
서울특별시 성동구 용답동,37.5649593903294,127.054312006579,서울 성동구 용답동 125-1
서울특별시 성동구 하왕십리동,37.5700464139171,127.028670142007,서울 성동구 하왕십리동
서울특별시 성동구 행당동,37.561762068795,127.037232649446,서울 성동구 행당동 192-3
서울특별시 성북구 길음동,37.6108502600034,127.029845552727,서울 성북구 길음동 25-2
서울특별시 성북구 돈암동,37.5980543280284,127.021954556426,서울 성북구 돈암동
서울특별시 성북구 동선동1가,37.5923245799781,127.018714518655,서울 성북구 동선동1가
서울특별시 성북구 동선동2가,37.589477261295,127.01983699636,서울 성북구 동선동2가 172
서울특별시 성북구 동선동3가,37.5943927552775,127.021650018073,서울 성북구 동선동 251-13
서울특별시 성북구 동선동4가,37.5936583541298,127.016672161833,서울 성북구 동선동4가 26
서울특별시 성북구 동소문동2가,37.58892726553732,127.00776263966243,서울 성북구 동소문동2가 18
서울특별시 성북구 동소문동4가,37.590880388710566,127.01068409887885,서울 성북구 동소문동4가 75-2
서울특별시 성북구 동소문동5가,37.59205486782158,127.01456121985734,서울 성북구 동소문동5가 30
서울특별시 성북구 동소문동6가,37.59377106272959,127.016061869895,서울 성북구 동소문동6가 147
서울특별시 성북구 동소문동7가,37.595611848899026,127.01561272593705,서울 성북구 동소문동7가 1-1
서울특별시 성북구 보문동1가,37.585541696968,127.020003515933,서울 성북구 보문동1가 127-1
서울특별시 성북구 보문동2가,37.5856063929983,127.02101344673,서울 성북구 안암동2가
서울특별시 성북구 보문동3가,37.5843602692578,127.015515273413,서울 성북구 보문동3가 168
서울특별시 성북구 보문동4가,37.5841252785594,127.020338258527,서울 성북구 보문동4가 4
서울특별시 성북구 보문동5가,37.5823412487779,127.020700058172,서울 성북구 보문동5가 160-1
서울특별시 성북구 보문동7가,37.5793493080769,127.024081930439,서울 성북구 보문동7가
서울특별시 성북구 삼선동1가,37.5827716043116,127.008857918845,서울 성북구 삼선동1가 1-13
서울특별시 성북구 삼선동2가,37.5813514134696,127.011470696428,서울 성북구 삼선동2가
서울특별시 성북구 삼선동3가,37.59041544378444,127.01104182748013,서울 성북구 동소문동3가 63
서울특별시 성북구 삼선동4가,37.5896369994549,127.010901313346,서울 성북구 삼선동4가
서울특별시 성북구 삼선동5가,37.5893912434215,127.01675726077,서울 성북구 삼선동5가 411
서울특별시 성북구 상월곡동,37.6037895476946,127.052188540226,서울 성북구 상월곡동
서울특별시 성북구 석관동,37.6035458417642,127.057030776272,서울 성북구 석관동 409
서울특별시 성북구 성북동,37.5879687895241,127.004211879999,서울 성북구 성북동1가
서울특별시 성북구 성북동1가,37.5879687895241,127.004211879999,서울 성북구 성북동1가
서울특별시 성북구 안암동1가,37.5885295514157,127.019021536158,서울 성북구 안암동1가
서울특별시 성북구 안암동3가,37.5820309884045,127.022443461488,서울 성북구 안암동3가
서울특별시 성북구 안암동5가,37.5888363125305,127.0333557589,서울 성북구 안암동5가 1-2
서울특별시 성북구 장위동,37.616169205568,127.052038619859,서울 성북구 장위동 76-59
서울특별시 성북구 정릉동,37.6210998567209,127.007158841379,서울 성북구 정릉동
서울특별시 성북구 종암동,37.5957358023768,127.027561239998,서울 성북구 종암동
서울특별시 성북구 하월곡동,37.6094345738397,127.039793315659,서울 성북구 하월곡동
서울특별시 송파구 가락동,37.4946766388756,127.100031964817,서울 송파구 가락동 514
서울특별시 송파구 거여동,37.493776055997174,127.14335516876235,서울 송파구 거여동 21-11
서울특별시 송파구 마천동,37.4992433573371,127.144834638143,서울 송파구 마천동
서울특별시 송파구 문정동,37.4898756388539,127.123364097715,서울 송파구 문정동 41-5
서울특별시 송파구 방이동,37.5147825360342,127.109220856293,서울 송파구 방이동 95-4
서울특별시 송파구 삼전동,37.4974798820388,127.092011137003,서울 송파구 삼전동
서울특별시 송파구 석촌동,37.5023225298382,127.102190932957,서울 송파구 석촌동 248
서울특별시 송파구 송파동,37.5093249452576,127.110416326514,서울 송파구 송파동
서울특별시 송파구 신천동,37.5126729644342,127.102544369423,서울 송파구 신천동 29
서울특별시 송파구 오금동,37.5013563840083,127.137917515022,서울 송파구 오금동 141
서울특별시 송파구 잠실동,37.5113216558007,127.098068021407,서울 송파구 잠실동 40-1
서울특별시 송파구 장지동,37.4759619401498,127.125389749867,서울 송파구 장지동
서울특별시 송파구 풍납동,37.5393939008774,127.120730056922,서울 송파구 풍납동 73-1
서울특별시 양천구 목동,37.54441729821,126.878709638371,서울 양천구 목동
서울특별시 양천구 신월동,37.5185704733754,126.842929419446,서울 양천구 신월동 575-30
서울특별시 양천구 신정동,37.5280222216231,126.86186596999,서울 양천구 신정동
서울특별시 영등포구 당산동,37.5367536081039,126.904455761928,서울 영등포구 당산동
서울특별시 영등포구 당산동1가,37.521290743552306,126.89813161765011,서울 영등포구 당산동1가 53-1
서울특별시 영등포구 당산동2가,37.5220913802622,126.894646343547,서울 영등포구 당산동2가 30-2
서울특별시 영등포구 당산동3가,37.5266161244917,126.896585812099,서울 영등포구 당산동3가 386-1
서울특별시 영등포구 당산동4가,37.5305319364273,126.898734508897,서울 영등포구 당산동4가 80
서울특별시 영등포구 당산동5가,37.534136980765595,126.90102526759455,서울 영등포구 당산동5가 16-1
서울특별시 영등포구 당산동6가,37.5335076154868,126.905966929922,서울 영등포구 당산동6가 110-71
서울특별시 영등포구 대림동,37.4924039640497,126.897474301275,서울 영등포구 대림동 1050-43
서울특별시 영등포구 도림동,37.508317253814845,126.9046797666894,서울 영등포구 도림동 138-42
서울특별시 영등포구 문래동1가,37.513366333442,126.899078937798,서울 영등포구 문래동1가 34-4
서울특별시 영등포구 문래동2가,37.5123996852835,126.894080853421,서울 영등포구 문래동2가 24
서울특별시 영등포구 문래동3가,37.5141544167758,126.897688874397,서울 영등포구 문래동3가 54-37
서울특별시 영등포구 문래동4가,37.516212499794,126.889885721162,서울 영등포구 문래동4가 8-30
서울특별시 영등포구 문래동5가,37.5170013608467,126.881989120094,서울 영등포구 문래동5가 25
서울특별시 영등포구 문래동6가,37.5188726614733,126.886501845182,서울 영등포구 문래동6가 24-1
서울특별시 영등포구 신길동,37.5107384081464,126.911840808155,서울 영등포구 신길동
서울특별시 영등포구 양평동1가,37.521200604824,126.890050335858,서울 영등포구 양평동1가 5-1
서울특별시 영등포구 양평동2가,37.5232216770119,126.885440936015,서울 영등포구 양평동2가 29-23
서울특별시 영등포구 양평동3가,37.52609445869679,126.89157831357598,서울 영등포구 양평동3가 45
서울특별시 영등포구 양평동4가,37.535930566954356,126.89854165336588,서울 영등포구 양평동4가 156-1
서울특별시 영등포구 양평동5가,37.53819591267963,126.89268774075089,서울 영등포구 양평동5가 27
서울특별시 영등포구 양평동6가,37.5400999212869,126.889963751999,서울 영등포구 양평동6가 1
서울특별시 영등포구 여의도동,37.5306836561511,126.92883750358,서울 영등포구 여의도동 84-9
서울특별시 영등포구 영등포동,37.51711057944,126.90299334402,서울 영등포구 영등포동4가 442
서울특별시 영등포구 영등포동1가,37.51699484385518,126.90928383139833,서울 영등포구 영등포동1가 143-3
서울특별시 영등포구 영등포동2가,37.5192454274043,126.909125003169,서울 영등포구 영등포동2가 332-3
서울특별시 영등포구 영등포동3가,37.5190644393107,126.908107157515,서울 영등포구 영등포동3가 3
서울특별시 영등포구 영등포동4가,37.51711057944,126.90299334402,서울 영등포구 영등포동4가 442
서울특별시 영등포구 영등포동5가,37.5211380771536,126.905231328908,서울 영등포구 영등포동5가 44
서울특별시 영등포구 영등포동6가,37.521898030773116,126.90461950553987,서울 영등포구 영등포동6가 8-1
서울특별시 영등포구 영등포동7가,37.52485442920863,126.90946550014056,서울 영등포구 영등포동7가 94-14
서울특별시 영등포구 영등포동8가,37.5277977858063,126.904611994126,서울 영등포구 영등포동8가 62-1
서울특별시 용산구 갈월동,37.54630715713435,126.97223970207321,서울 용산구 갈월동 14-60
서울특별시 용산구 남영동,37.5439359573409,126.973236353706,서울 용산구 남영동 2
서울특별시 용산구 도원동,37.53829748535028,126.9553158164153,서울 용산구 도원동 23
서울특별시 용산구 동빙고동,37.5221563270773,126.996194540442,서울 용산구 동빙고동 62
서울특별시 용산구 동자동,37.5546896440745,126.97057975182,서울 용산구 동자동 43-205
서울특별시 용산구 문배동,37.5340671605018,126.96897220078,서울 용산구 문배동 37-2
서울특별시 용산구 보광동,37.5320818261115,126.999873285391,서울 용산구 한남동 763-7
서울특별시 용산구 산천동,37.535001546250996,126.95059295454641,서울 용산구 산천동 193
서울특별시 용산구 서계동,37.5502600165949,126.969318565906,서울 용산구 서계동 209
서울특별시 용산구 서빙고동,37.5227168266626,126.979452174755,서울 용산구 용산동6가
서울특별시 용산구 신계동,37.5356523905239,126.967011899742,서울 용산구 신계동 56
서울특별시 용산구 신창동,37.5352486234211,126.955643486937,서울 용산구 신창동 59-4
서울특별시 용산구 용문동,37.536500208656,126.95838084761,서울 용산구 용문동 106
서울특별시 용산구 용산동2가,37.551279740966,126.988217046052,서울 용산구 용산동2가 산 1-3
서울특별시 용산구 용산동3가,37.5336582502378,126.977571042257,서울 용산구 용산동3가 1
서울특별시 용산구 용산동5가,37.52246242267468,126.97333678734246,서울 용산구 용산동5가 17-98
서울특별시 용산구 원효로1가,37.5396318708232,126.969476804566,서울 용산구 원효로1가 44-11
서울특별시 용산구 원효로2가,37.5360222675846,126.962535760526,서울 용산구 원효로2가 72-3
서울특별시 용산구 원효로3가,37.53362679988989,126.95804868033083,서울 용산구 원효로3가 56-4
서울특별시 용산구 이촌동,37.51766554330717,126.95803838752394,서울 용산구 이촌동 302-146
서울특별시 용산구 이태원동,37.5397580614249,126.991721972247,서울 용산구 이태원동 210-5
서울특별시 용산구 주성동,37.5235114956886,126.999606324649,서울 용산구 보광동 168-4
서울특별시 용산구 청파동1가,37.546782507101,126.970677914288,서울 용산구 청파동1가 180-36
서울특별시 용산구 청파동2가,37.5443584006133,126.962794112639,서울 용산구 청파동2가 134-3
서울특별시 용산구 청파동3가,37.5446514866547,126.966686568857,서울 용산구 청파동3가 115
서울특별시 용산구 한강로1가,37.5345765677564,126.974131256218,서울 용산구 한강로1가 142-3
서울특별시 용산구 한강로2가,37.5314514583385,126.972204479602,서울 용산구 한강로2가 412
서울특별시 용산구 한강로3가,37.5290530271745,126.965503343155,서울 용산구 한강로3가 40-999
서울특별시 용산구 한남동,37.5369688440826,127.001588561792,서울 용산구 한남동
서울특별시 용산구 효창동,37.545175462316,126.959611708621,서울 용산구 효창동 255
서울특별시 용산구 후암동,37.5524755789564,126.98264442292,서울 용산구 후암동 30-66
서울특별시 은평구 갈현동,37.6188202127991,126.919596892691,서울 은평구 갈현동 398-11
서울특별시 은평구 구산동,37.612409108111,126.901056405398,서울 은평구 구산동 산 136-13
서울특별시 은평구 녹번동,37.6001856314028,126.940303828976,서울 은평구 녹번동 산 1-1
서울특별시 은평구 대조동,37.6102030828806,126.919483853465,서울 은평구 대조동
서울특별시 은평구 불광동,37.6264875173146,126.933961722431,서울 은평구 불광동
서울특별시 은평구 수색동,37.5866598674632,126.902340453193,서울 은평구 증산동
서울특별시 은평구 신사동,37.598793659298,126.915351604233,서울 은평구 신사동 23-1
서울특별시 은평구 역촌동,37.6087378991563,126.91663596163,서울 은평구 역촌동 8-12
서울특별시 은평구 응암동,37.5873667630032,126.917157976882,서울 은평구 응암동 602-17
서울특별시 은평구 증산동,37.5866598674632,126.902340453193,서울 은평구 증산동
서울특별시 은평구 진관동,37.637860326109,126.938338565259,서울 은평구 진관동
서울특별시 종로구 가회동,37.5829185302128,126.983384576672,서울 종로구 가회동 31-31
서울특별시 종로구 견지동,37.5738688353359,126.982621347179,서울 종로구 견지동 53-4
서울특별시 종로구 경운동,37.5746873869606,126.985994590517,서울 종로구 경운동 66-7
서울특별시 종로구 계동,37.5812863443467,126.986649986728,서울 종로구 계동 72
서울특별시 종로구 공평동,37.5717283048598,126.984288118971,서울 종로구 공평동 1
서울특별시 종로구 관수동,37.5681501121823,126.9893055655,서울 종로구 관수동
서울특별시 종로구 관철동,37.5697676518348,126.983645583112,서울 종로구 관철동 45-5
서울특별시 종로구 관훈동,37.5743520602942,126.984731319433,서울 종로구 관훈동 38
서울특별시 종로구 교남동,37.5683625128987,126.968052437254,서울 종로구 평동 108-1
서울특별시 종로구 교북동,37.570836738837144,126.96226024055703,서울 종로구 교북동 56-1
서울특별시 종로구 구기동,37.6085178126134,126.956370136898,서울 종로구 구기동
서울특별시 종로구 권농동,37.5741545358109,126.991681941821,서울 종로구 권농동 187-7
서울특별시 종로구 낙원동,37.5722117017437,126.988277140357,서울 종로구 낙원동 289-7
서울특별시 종로구 내수동,37.5737733521993,126.973126062472,서울 종로구 내수동 74
서울특별시 종로구 내자동,37.576212150512,126.972286338671,서울 종로구 내자동 67-2
서울특별시 종로구 누하동,37.5787817774583,126.968650256089,서울 종로구 누하동 176
서울특별시 종로구 당주동,37.5716108730471,126.972728383217,서울 종로구 당주동 100-6
서울특별시 종로구 돈의동,37.5731273424889,126.990880599307,서울 종로구 돈의동
서울특별시 종로구 동숭동,37.5826529558737,127.003423607375,서울 종로구 동숭동 1-151
서울특별시 종로구 명륜1가,37.5876048630357,126.999628631744,서울 종로구 명륜1가 36-1
서울특별시 종로구 명륜2가,37.5834638994993,126.99984602657,서울 종로구 명륜2가 41-9
서울특별시 종로구 명륜3가,37.5858280343867,126.995896931187,서울 종로구 명륜3가 53
서울특별시 종로구 명륜4가,37.58178894763119,127.00109477184937,서울 종로구 명륜4가 107
서울특별시 종로구 무악동,37.5787139911627,126.959122652148,서울 종로구 무악동
서울특별시 종로구 봉익동,37.5718156313576,126.992882102052,서울 종로구 봉익동
서울특별시 종로구 부암동,37.5950231297339,126.962651139577,서울 종로구 부암동 201
서울특별시 종로구 사직동,37.56880593279047,126.96853671631679,서울 종로구 신문로2가 7-22
서울특별시 종로구 삼청동,37.5820641053666,126.981482777468,서울 종로구 팔판동 67-1
서울특별시 종로구 소격동,37.5786438900195,126.981211924209,서울 종로구 소격동
서울특별시 종로구 수송동,37.57492625694709,126.98041025018938,서울 종로구 수송동 85-5
서울특별시 종로구 숭인동,37.5731262830049,127.018256913085,서울 종로구 숭인동 238-1
서울특별시 종로구 신문로1가,37.5709044149937,126.972393578461,서울 종로구 신문로1가 58-14
서울특별시 종로구 신문로2가,37.56880593279047,126.96853671631679,서울 종로구 신문로2가 7-22
서울특별시 종로구 안국동,37.5789794286702,126.983693380427,서울 종로구 안국동 8-1
서울특별시 종로구 연건동,37.580969911618,126.997011203701,서울 종로구 연건동 28-32
서울특별시 종로구 연지동,37.57294659122296,127.00091012666891,서울 종로구 연지동 136-56
서울특별시 종로구 예지동,37.5696750806683,126.999683054327,서울 종로구 예지동 269-25
서울특별시 종로구 옥인동,37.5828201296406,126.962784037285,서울 종로구 옥인동 185-3
서울특별시 종로구 와룡동,37.5794165384496,126.995199911733,서울 종로구 와룡동 2-1
서울특별시 종로구 운니동,37.576226410093,126.987085596535,서울 종로구 운니동 114-10
서울특별시 종로구 원남동,37.57443952327901,126.99783104787448,서울 종로구 원남동 66-21
서울특별시 종로구 이화동,37.5779460370745,127.00645735024,서울 종로구 이화동 2-1
서울특별시 종로구 익선동,37.5734371942191,126.989775723896,서울 종로구 익선동
서울특별시 종로구 인사동,37.5717283048598,126.984288118971,서울 종로구 공평동 1
서울특별시 종로구 인의동,37.5728033008503,126.997097561806,서울 종로구 인의동 112-1
서울특별시 종로구 장사동,37.5693217949522,126.995241309594,서울 종로구 장사동 116-4
서울특별시 종로구 재동,37.5785469664928,126.983802154719,서울 종로구 재동 35
서울특별시 종로구 적선동,37.5761771508005,126.972885204617,서울 종로구 적선동 107-1
서울특별시 종로구 종로1가,37.5709044149937,126.972393578461,서울 종로구 신문로1가 58-14
서울특별시 종로구 종로2가,37.5715557705386,126.988209324531,서울 종로구 종로2가 38-2
서울특별시 종로구 종로3가,37.5702516183839,126.995146166002,서울 종로구 종로3가 143-1
서울특별시 종로구 종로4가,37.5705616588662,127.000633898859,서울 종로구 종로4가
서울특별시 종로구 종로5가,37.5702948324364,127.005614512719,서울 종로구 종로5가 247-3
서울특별시 종로구 종로6가,37.571141513487,127.009571946966,서울 종로구 종로6가 69
서울특별시 종로구 창신동,37.5700164638864,127.015331184888,서울 종로구 창신동
서울특별시 종로구 청운동,37.592364790198,126.967331100092,서울 종로구 청운동
서울특별시 종로구 청진동,37.5716554573034,126.979307427609,서울 종로구 청진동
서울특별시 종로구 체부동,37.576569842339,126.972273753522,서울 종로구 체부동 189-1
서울특별시 종로구 충신동,37.5752458345237,127.004832649507,서울 종로구 충신동 60
서울특별시 종로구 통의동,37.578728818102,126.9731106965,서울 종로구 통의동
서울특별시 종로구 통인동,37.5786489976486,126.970864669291,서울 종로구 통인동 154-10
서울특별시 종로구 팔판동,37.5820641053666,126.981482777468,서울 종로구 팔판동 67-1
서울특별시 종로구 평동,37.5683625128987,126.968052437254,서울 종로구 평동 108-1
서울특별시 종로구 평창동,37.6127879809074,126.981968976507,서울 종로구 평창동
서울특별시 종로구 필운동,37.5779132755643,126.968863450033,서울 종로구 필운동 88-1
서울특별시 종로구 혜화동,37.5879039308662,127.003835977703,서울 종로구 혜화동 28-5
서울특별시 종로구 홍지동,37.5988088344679,126.95662040309,서울 종로구 홍지동 산 4
서울특별시 종로구 화동,37.5795379731332,126.983181550267,서울 종로구 화동 2
서울특별시 종로구 효제동,37.5746197304525,127.001661810748,서울 종로구 효제동 24-1
서울특별시 중구 광희동1가,37.5649140739777,127.005854066744,서울 중구 광희동1가
서울특별시 중구 광희동2가,37.564391218075,127.00999666591,서울 중구 광희동2가 105-32
서울특별시 중구 남대문로2가,37.5636442919234,126.982315857296,서울 중구 남대문로2가 16-18
서울특별시 중구 남대문로3가,37.5619501587332,126.980659255786,서울 중구 남대문로3가
서울특별시 중구 남대문로5가,37.5554548136142,126.975500229006,서울 중구 남대문로5가 395
서울특별시 중구 남산동2가,37.5569701853838,126.985866623365,서울 중구 남산동2가 49-24
서울특별시 중구 남산동3가,37.5607472660685,126.986735142877,서울 중구 남산동3가 13-25
서울특별시 중구 남창동,37.5590263865556,126.975594129801,서울 중구 남창동
서울특별시 중구 남학동,37.5608341802445,126.991217115104,서울 중구 남학동 13-2
서울특별시 중구 다동,37.5685708306785,126.981612894728,서울 중구 다동 10
서울특별시 중구 명동1가,37.556687033747664,126.98399815375103,서울 중구 회현동1가 산 1-19
서울특별시 중구 명동2가,37.5620769169639,126.984901336292,서울 중구 명동2가
서울특별시 중구 무학동,37.56458889596115,127.01509124756984,서울 중구 무학동 50-5
서울특별시 중구 묵정동,37.5613642908604,126.999284687811,서울 중구 묵정동 1-19
서울특별시 중구 방산동,37.5688029032446,127.001829207981,서울 중구 방산동 4-96
서울특별시 중구 북창동,37.5614811760833,126.978006379609,서울 중구 북창동 131
서울특별시 중구 산림동,37.5674729602414,126.995454227328,서울 중구 산림동 207-2
서울특별시 중구 서소문동,37.5645621142969,126.975614961398,서울 중구 서소문동 37
서울특별시 중구 소공동,37.564976582796,126.975664628917,서울 중구 정동 5-1
서울특별시 중구 수표동,37.567360844001,126.989350954893,서울 중구 수표동 47-6
서울특별시 중구 순화동,37.56048878084385,126.97188584385984,서울 중구 순화동 151
서울특별시 중구 신당동,37.5630320348009,127.014609897994,서울 중구 신당동 302-30
서울특별시 중구 쌍림동,37.5630220723457,127.00358569498,서울 중구 쌍림동 151-11
서울특별시 중구 예관동,37.564078079830026,126.99813355603409,서울 중구 예관동 83-15
서울특별시 중구 오장동,37.5657863829048,127.000330511876,서울 중구 오장동 148-20
서울특별시 중구 을지로1가,37.5651867190291,126.981799354998,서울 중구 을지로1가 140-1
서울특별시 중구 을지로2가,37.5651511309814,126.985013903885,서울 중구 을지로2가 181
서울특별시 중구 을지로3가,37.5671952556723,126.991791379229,서울 중구 을지로3가 95-2
서울특별시 중구 을지로4가,37.5659125093382,126.998216138374,서울 중구 을지로4가 188-6
서울특별시 중구 을지로5가,37.5674045233696,127.003391215754,서울 중구 을지로5가 40-3
서울특별시 중구 을지로6가,37.5694406753062,127.005890643251,서울 중구 을지로6가 17
서울특별시 중구 을지로7가,37.5655327897599,127.009883629842,서울 중구 을지로7가 4-23
서울특별시 중구 인현동1가,37.5655628156651,126.99466202278,서울 중구 인현동1가 31-2
서울특별시 중구 인현동2가,37.5640419773717,126.995726083073,서울 중구 인현동2가 192-30
서울특별시 중구 입정동,37.5676024823336,126.991460814642,서울 중구 입정동 251-1
서울특별시 중구 장교동,37.5672054937212,126.985756026237,서울 중구 장교동 1-6
서울특별시 중구 장충동1가,37.5602000538893,127.005975932894,서울 중구 장충동1가 62-18
서울특별시 중구 장충동2가,37.5506712500716,126.999035824513,서울 중구 장충동2가 산 14-21
서울특별시 중구 저동1가,37.564957772699415,126.98814471562099,서울 중구 저동1가 1-2
서울특별시 중구 저동2가,37.5649497860502,126.98943279328,서울 중구 저동2가
서울특별시 중구 정동,37.564976582796,126.975664628917,서울 중구 정동 5-1
서울특별시 중구 주교동,37.5671486888203,127.00032146261,서울 중구 주교동 258
서울특별시 중구 중림동,37.5557487004694,126.968573895548,서울 중구 만리동1가 22-1
서울특별시 중구 초동,37.5645545190027,126.99308313419789,서울 중구 초동 18-7
서울특별시 중구 충무로1가,37.5610317838347,126.985082638089,서울 중구 충무로1가 26-1
서울특별시 중구 충무로2가,37.5622180481152,126.990406558079,서울 중구 충무로3가 43
서울특별시 중구 충무로3가,37.5622180481152,126.990406558079,서울 중구 충무로3가 43
서울특별시 중구 충무로4가,37.5620273819665,126.996753902626,서울 중구 충무로4가 93-1
서울특별시 중구 충무로5가,37.5626581239414,127.000249005385,서울 중구 충무로5가 19-10
서울특별시 중구 태평로2가,37.5646382835128,126.9780914738,서울 중구 태평로2가 23
서울특별시 중구 필동1가,37.5616308030308,126.993390129647,서울 중구 필동1가 51-9
서울특별시 중구 필동2가,37.5592738638318,126.994757541945,서울 중구 필동2가 84-1
서울특별시 중구 필동3가,37.5622180481152,126.990406558079,서울 중구 충무로3가 43
서울특별시 중구 황학동,37.5689739272658,127.021629075371,서울 중구 황학동 1548
서울특별시 중구 회현동1가,37.556687033747664,126.98399815375103,서울 중구 회현동1가 산 1-19
서울특별시 중구 회현동2가,37.55959334297166,126.98186862342385,서울 중구 회현동2가 86
서울특별시 중구 흥인동,37.5657778731754,127.017535237601,서울 중구 흥인동 29
서울특별시 중랑구 망우동,37.59479363406059,127.10544134760814,서울 중랑구 망우동 산 69-1
서울특별시 중랑구 면목동,37.5711282880022,127.095764720133,서울 중랑구 면목동
서울특별시 중랑구 묵동,37.6084037831339,127.086901705354,서울 중랑구 신내동 123
서울특별시 중랑구 상봉동,37.597698731157486,127.09216497887981,서울 중랑구 상봉동 501
서울특별시 중랑구 신내동,37.6084037831339,127.086901705354,서울 중랑구 신내동 123
서울특별시 중랑구 중화동,37.5946832637068,127.071105634848,서울 중랑구 중화동
